City_ID,City,Country,Date,Lat,Lng,Max Temp,Humidity,Cloudiness,Wind Speed,Current Description
0,Dikson,RU,2022-08-08 01:13:56,73.5069,80.5464,42.1,100,100,6.17,overcast clouds
1,Rikitea,PF,2022-08-08 01:10:55,-23.1203,-134.9692,72.01,73,100,34.05,light rain
2,Prince Rupert,CA,2022-08-08 01:12:04,54.3161,-130.3201,60.96,69,2,6.85,clear sky
3,Saldanha,ZA,2022-08-08 01:13:57,-33.0117,17.9442,56.89,86,34,12.8,scattered clouds
4,Haines Junction,CA,2022-08-08 01:13:58,60.7522,-137.5108,58.82,47,57,8.88,broken clouds
5,Atuona,PF,2022-08-08 01:13:58,-9.8,-139.0333,77.36,67,74,17.2,broken clouds
6,Cape Town,ZA,2022-08-08 01:13:58,-33.9258,18.4232,56.12,90,0,3.0,clear sky
7,Lompoc,US,2022-08-08 01:10:51,34.6391,-120.4579,81.01,70,0,25.99,clear sky
8,Khatanga,RU,2022-08-08 01:13:59,71.9667,102.5,57.06,66,41,6.26,scattered clouds
9,Butaritari,KI,2022-08-08 01:14:00,3.0707,172.7902,81.9,72,90,14.92,overcast clouds
10,Mana,GF,2022-08-08 01:14:00,5.6592,-53.7767,79.75,82,99,8.16,overcast clouds
11,Mandurah,AU,2022-08-08 01:12:57,-32.55,115.7,59.92,71,98,26.33,overcast clouds
12,Barrow,US,2022-08-08 01:10:57,71.2906,-156.7887,46.42,76,100,17.27,overcast clouds
13,Batagay-Alyta,RU,2022-08-08 01:09:53,67.8006,130.4114,63.55,62,7,2.46,clear sky
14,Vaini,TO,2022-08-08 01:14:02,-21.2,-175.2,80.76,89,20,10.36,few clouds
15,Champerico,GT,2022-08-08 01:14:02,14.3,-91.9167,81.73,77,100,9.44,overcast clouds
16,Kansanshi,ZM,2022-08-08 01:14:03,-12.0951,26.4273,54.45,53,2,3.18,clear sky
17,Kavieng,PG,2022-08-08 01:14:03,-2.5744,150.7967,83.46,72,22,12.82,few clouds
18,Dunedin,NZ,2022-08-08 01:11:55,-45.8742,170.5036,43.81,50,77,8.99,broken clouds
19,Avera,US,2022-08-08 01:14:04,33.194,-82.5271,79.38,63,87,4.79,overcast clouds
20,Sabang,ID,2022-08-08 01:14:04,5.8933,95.3214,81.55,71,100,14.99,overcast clouds
21,Belvidere,US,2022-08-08 01:13:22,42.2639,-88.8443,77.45,94,100,5.5,overcast clouds
22,Amambai,BR,2022-08-08 01:14:05,-23.1042,-55.2258,64.51,95,100,2.57,moderate rain
23,Omboue,GA,2022-08-08 01:14:06,-1.5746,9.2618,71.31,77,97,7.54,overcast clouds
24,Mataura,NZ,2022-08-08 01:12:36,-46.1927,168.8643,42.48,68,7,9.46,clear sky
25,Lagoa,PT,2022-08-08 01:14:06,39.05,-27.9833,73.45,81,52,17.45,light rain
26,Isangel,VU,2022-08-08 01:14:07,-19.55,169.2667,82.51,78,75,4.61,broken clouds
27,Ughelli,NG,2022-08-08 01:14:07,5.4899,6.0074,74.32,90,99,2.86,overcast clouds
28,Ostrovnoy,RU,2022-08-08 01:12:34,68.0531,39.5131,52.2,76,89,11.83,overcast clouds
29,Ushuaia,AR,2022-08-08 01:14:08,-54.8,-68.3,37.06,65,0,10.36,clear sky
30,Tiksi,RU,2022-08-08 01:10:53,71.6872,128.8694,48.34,99,100,5.99,moderate rain
31,Chuy,UY,2022-08-08 01:14:09,-33.6971,-53.4616,47.01,88,6,6.4,clear sky
32,Qaanaaq,GL,2022-08-08 01:14:10,77.484,-69.3632,40.39,54,5,5.37,clear sky
33,Tuktoyaktuk,CA,2022-08-08 01:14:10,69.4541,-133.0374,44.31,76,99,6.31,overcast clouds
34,Georgetown,MY,2022-08-08 01:11:01,5.4112,100.3354,84.13,79,20,2.3,few clouds
35,Sibolga,ID,2022-08-08 01:10:56,1.7427,98.7792,77.72,83,93,2.66,overcast clouds
36,East London,ZA,2022-08-08 01:14:11,-33.0153,27.9116,66.04,92,74,11.88,light rain
37,Coruripe,BR,2022-08-08 01:14:12,-10.1256,-36.1756,72.32,74,9,8.43,clear sky
38,Fortuna,US,2022-08-08 01:13:26,40.5982,-124.1573,71.92,70,0,13.8,clear sky
39,Albanel,CA,2022-08-08 01:13:23,48.8832,-72.4487,54.64,69,98,4.03,overcast clouds
40,Klaksvik,FO,2022-08-08 01:14:12,62.2266,-6.589,52.72,99,100,15.12,overcast clouds
41,Ialibu,PG,2022-08-08 01:14:13,-6.2821,143.9935,70.09,57,54,5.26,broken clouds
42,Arraial Do Cabo,BR,2022-08-08 01:14:14,-22.9661,-42.0278,70.32,91,99,6.55,overcast clouds
43,Ribeira Grande,PT,2022-08-08 01:14:14,38.5167,-28.7,74.08,82,21,16.44,light rain
44,Lebu,CL,2022-08-08 01:14:15,-37.6167,-73.65,46.33,86,98,7.85,overcast clouds
45,Whitehorse,CA,2022-08-08 01:12:46,60.7161,-135.0538,59.81,58,26,1.01,scattered clouds
46,Camacha,PT,2022-08-08 01:09:45,33.0833,-16.3333,67.42,78,40,8.05,scattered clouds
47,Port Alfred,ZA,2022-08-08 01:14:16,-33.5906,26.891,64.85,91,82,12.03,moderate rain
48,Iqaluit,CA,2022-08-08 01:14:16,63.7506,-68.5145,38.66,94,95,5.39,overcast clouds
49,Miri,MY,2022-08-08 01:14:17,4.4148,114.0089,80.8,73,83,4.85,broken clouds
50,Pangnirtung,CA,2022-08-08 01:14:17,66.1451,-65.7125,43.05,90,99,2.06,overcast clouds
51,Busselton,AU,2022-08-08 01:12:41,-33.65,115.3333,57.09,86,92,22.91,light rain
52,Ilulissat,GL,2022-08-08 01:14:18,69.2167,-51.1,42.82,93,100,2.3,overcast clouds
53,Jamestown,US,2022-08-08 01:13:24,42.097,-79.2353,77.72,54,40,5.75,scattered clouds
54,Hithadhoo,MV,2022-08-08 01:14:19,-0.6,73.0833,81.43,73,100,5.61,overcast clouds
55,Harper,LR,2022-08-08 01:14:19,4.375,-7.7169,73.0,81,71,9.44,broken clouds
56,Tasiilaq,GL,2022-08-08 01:10:54,65.6145,-37.6368,42.96,98,100,6.87,light rain
57,Afua,BR,2022-08-08 01:14:20,-0.1567,-50.3867,75.36,91,9,5.23,clear sky
58,Krasnoselkup,RU,2022-08-08 01:14:21,65.7,82.4667,62.1,76,100,10.27,overcast clouds
59,Nikolskoye,RU,2022-08-08 01:14:21,59.7035,30.7861,58.8,80,100,4.03,overcast clouds
60,Hofn,IS,2022-08-08 01:14:22,64.2539,-15.2082,52.32,85,21,9.93,few clouds
61,Hilo,US,2022-08-08 01:14:22,19.7297,-155.09,88.29,71,0,11.5,clear sky
62,Albany,US,2022-08-08 01:10:27,42.6001,-73.9662,80.58,80,0,4.68,clear sky
63,Marystown,CA,2022-08-08 01:14:24,47.1666,-55.1483,67.86,100,100,1.99,overcast clouds
64,Punta Arenas,CL,2022-08-08 01:11:18,-53.15,-70.9167,37.51,81,75,11.5,broken clouds
65,Ayan,RU,2022-08-08 01:14:25,56.45,138.1667,54.3,95,100,22.35,moderate rain
66,Lodwar,KE,2022-08-08 01:14:26,3.1191,35.5973,79.27,51,100,11.72,overcast clouds
67,Sambava,MG,2022-08-08 01:14:26,-14.2667,50.1667,64.54,88,9,8.79,clear sky
68,Kraskino,RU,2022-08-08 01:14:27,42.7114,130.7794,80.87,71,10,9.64,clear sky
69,Zyryanka,RU,2022-08-08 01:14:27,65.75,150.85,73.74,49,26,12.26,scattered clouds
70,Avarua,CK,2022-08-08 01:14:27,-21.2078,-159.775,77.05,61,40,19.57,scattered clouds
71,Zabol,AF,2022-08-08 01:14:28,32.25,67.25,72.82,20,0,2.24,clear sky
72,Sao Joao Da Barra,BR,2022-08-08 01:12:47,-21.6403,-41.0511,71.96,91,62,5.53,broken clouds
73,Monte Escobedo,MX,2022-08-08 01:14:29,22.3,-103.5833,66.29,60,56,1.63,broken clouds
74,Yangjiang,CN,2022-08-08 01:14:29,21.85,111.9667,82.27,85,55,8.88,broken clouds
75,Port Elizabeth,ZA,2022-08-08 01:14:30,-33.918,25.5701,60.1,100,100,23.02,moderate rain
76,Grand Gaube,MU,2022-08-08 01:14:30,-20.0064,57.6608,65.37,78,0,5.01,clear sky
77,Sorong,ID,2022-08-08 01:14:31,-0.8833,131.25,81.25,78,61,7.0,broken clouds
78,Anadyr,RU,2022-08-08 01:14:31,64.75,177.4833,50.5,49,40,22.37,scattered clouds
79,Margate,GB,2022-08-08 01:14:32,51.3813,1.3862,60.69,81,13,1.01,few clouds
80,Qujing,CN,2022-08-08 01:14:32,25.4833,103.7833,64.17,88,99,3.65,overcast clouds
81,Hermanus,ZA,2022-08-08 01:14:32,-34.4187,19.2345,57.06,84,19,3.89,few clouds
82,Sao Filipe,CV,2022-08-08 01:14:33,14.8961,-24.4956,79.54,84,66,3.49,broken clouds
83,Faanui,PF,2022-08-08 01:14:33,-16.4833,-151.75,76.51,71,61,25.7,broken clouds
84,Lingao,CN,2022-08-08 01:14:34,19.9103,109.6859,83.3,82,100,12.53,overcast clouds
85,Honningsvag,NO,2022-08-08 01:14:34,70.9821,25.9704,49.75,87,75,17.27,broken clouds
86,Touros,BR,2022-08-08 01:14:35,-5.1989,-35.4608,74.55,81,16,13.15,few clouds
87,Plettenberg Bay,ZA,2022-08-08 01:14:35,-34.0527,23.3716,59.0,84,99,13.62,overcast clouds
88,Longyearbyen,SJ,2022-08-08 01:14:36,78.2186,15.6401,44.44,93,75,13.8,broken clouds
89,Labuhan,ID,2022-08-08 01:14:36,-6.8844,112.2051,79.36,75,5,9.66,clear sky
90,Chapais,CA,2022-08-08 01:14:37,49.7834,-74.8492,53.38,64,24,3.65,few clouds
91,Eureka,US,2022-08-08 01:14:37,40.8021,-124.1637,74.68,81,69,3.0,broken clouds
92,Pavelets,RU,2022-08-08 01:14:37,53.7883,39.246,66.34,59,100,5.55,overcast clouds
93,San Patricio,US,2022-08-08 01:14:38,28.017,-97.5169,87.75,61,96,14.29,overcast clouds
94,Cananea,MX,2022-08-08 01:10:32,30.95,-110.3,66.07,79,88,12.3,light rain
95,Katsuura,JP,2022-08-08 01:14:38,35.1333,140.3,84.0,78,3,17.52,clear sky
96,Sheridan,US,2022-08-08 01:13:03,44.8333,-106.9173,80.98,25,0,4.61,clear sky
97,Tezu,IN,2022-08-08 01:14:39,27.9167,96.1667,86.22,70,27,0.54,scattered clouds
98,Provideniya,RU,2022-08-08 01:14:40,64.3833,-173.3,41.36,65,100,18.01,overcast clouds
99,Castro,BR,2022-08-08 01:14:30,-24.7911,-50.0119,56.35,97,100,5.28,overcast clouds
100,Severo-Kurilsk,RU,2022-08-08 01:14:40,50.6789,156.125,59.23,87,35,3.69,scattered clouds
101,Barlinek,PL,2022-08-08 01:14:41,52.9946,15.2186,59.14,70,12,5.41,few clouds
102,Kapaa,US,2022-08-08 01:14:41,22.0752,-159.319,82.72,77,0,12.66,clear sky
103,Chokurdakh,RU,2022-08-08 01:14:25,70.6333,147.9167,57.22,36,99,17.47,overcast clouds
104,Bredasdorp,ZA,2022-08-08 01:14:42,-34.5322,20.0403,57.09,90,100,2.19,overcast clouds
105,Akhisar,TR,2022-08-08 01:14:42,38.9185,27.8401,69.69,83,0,7.31,clear sky
106,Pemberton,CA,2022-08-08 01:14:42,50.3164,-122.8027,89.29,26,0,5.64,clear sky
107,Lukovetskiy,RU,2022-08-08 01:14:43,64.2956,41.9211,52.11,89,19,5.03,few clouds
108,San Antero,CO,2022-08-08 01:14:43,9.3741,-75.7589,78.98,83,100,7.49,overcast clouds
109,Cottonwood,US,2022-08-08 01:14:44,34.7392,-112.0099,75.9,79,100,2.71,overcast clouds
110,Bowen,AU,2022-08-08 01:14:44,-20.0167,148.2333,70.97,56,0,8.12,clear sky
111,North Battleford,CA,2022-08-08 01:14:45,52.7834,-108.2847,78.4,50,20,10.36,few clouds
112,Valparaiso,CL,2022-08-08 01:14:45,-33.0393,-71.6273,52.48,100,0,6.91,clear sky
113,Itarema,BR,2022-08-08 01:14:46,-2.9248,-39.9167,77.9,83,7,16.08,clear sky
114,Galle,LK,2022-08-08 01:14:46,6.0367,80.217,77.43,89,100,12.44,overcast clouds
115,Konstantinovka,RU,2022-08-08 01:14:46,49.6167,127.9833,66.99,56,1,15.41,clear sky
116,Filingue,NE,2022-08-08 01:14:47,14.3521,3.3168,84.76,64,100,17.47,moderate rain
117,Namatanai,PG,2022-08-08 01:14:47,-3.6667,152.4333,83.37,71,38,8.01,light rain
118,Cherskiy,RU,2022-08-08 01:14:48,68.75,161.3,49.55,51,56,3.44,broken clouds
119,Burnie,AU,2022-08-08 01:14:48,-41.0667,145.9167,54.95,55,9,6.69,clear sky
120,Domoni,KM,2022-08-08 01:14:48,-12.2569,44.5319,72.9,77,30,8.1,scattered clouds
121,Ballina,AU,2022-08-08 01:11:29,-28.8667,153.5667,64.78,57,0,12.28,clear sky
122,Thompson,CA,2022-08-08 01:14:49,55.7435,-97.8558,73.56,49,75,12.66,broken clouds
123,Imeni Poliny Osipenko,RU,2022-08-08 01:14:49,52.4201,136.4853,56.73,99,100,8.01,heavy intensity rain
124,Kodiak,US,2022-08-08 01:14:50,57.79,-152.4072,65.71,45,0,6.91,clear sky
125,Shetpe,KZ,2022-08-08 01:14:50,44.1667,52.1167,78.06,22,100,7.74,overcast clouds
126,Maumere,ID,2022-08-08 01:14:51,-8.6199,122.2111,81.12,71,28,4.81,scattered clouds
127,Nadym,RU,2022-08-08 01:14:51,65.5333,72.5167,70.34,63,0,9.06,clear sky
128,Talnakh,RU,2022-08-08 01:14:52,69.4865,88.3972,56.21,97,100,6.51,moderate rain
129,Vila Velha,BR,2022-08-08 01:14:52,-20.3297,-40.2925,75.15,85,0,12.66,clear sky
130,Orebro,SE,2022-08-08 01:12:08,59.2741,15.2066,53.78,58,39,6.91,scattered clouds
131,Saint-Philippe,RE,2022-08-08 01:14:53,-21.3585,55.7679,65.79,84,0,5.14,clear sky
132,Bambous Virieux,MU,2022-08-08 01:14:54,-20.3428,57.7575,66.22,94,40,5.75,scattered clouds
133,San Andres,CO,2022-08-08 01:14:43,12.5847,-81.7006,82.42,83,75,14.97,broken clouds
134,Evensk,RU,2022-08-08 01:14:55,61.95,159.2333,60.75,74,95,2.35,overcast clouds
135,Sitka,US,2022-08-08 01:14:55,57.0531,-135.33,57.09,82,100,3.44,haze
136,Tagusao,PH,2022-08-08 01:14:56,9.1924,117.8141,82.11,72,92,5.66,light rain
137,Hervey Bay,AU,2022-08-08 01:14:56,-25.2986,152.8535,66.02,49,0,11.99,clear sky
138,Yarmouth,US,2022-08-08 01:14:57,41.7057,-70.2286,79.97,85,0,18.41,clear sky
139,Douentza,ML,2022-08-08 01:14:57,14.9951,-2.9517,82.63,53,100,10.22,overcast clouds
140,Bergama,TR,2022-08-08 01:14:58,39.1207,27.1805,73.0,75,1,13.4,clear sky
141,Mahebourg,MU,2022-08-08 01:14:58,-20.4081,57.7,66.25,94,40,5.75,scattered clouds
142,Menongue,AO,2022-08-08 01:14:58,-14.6585,17.691,52.63,40,0,4.9,clear sky
143,Norman Wells,CA,2022-08-08 01:14:33,65.282,-126.8329,60.84,72,75,6.91,broken clouds
144,Ponta Do Sol,PT,2022-08-08 01:14:59,32.6667,-17.1,70.72,83,0,3.56,clear sky
145,Necochea,AR,2022-08-08 01:15:00,-38.5473,-58.7368,39.81,82,16,6.6,few clouds
146,Ngunguru,NZ,2022-08-08 01:15:00,-35.6167,174.5,60.33,69,100,7.67,overcast clouds
147,Napasar,IN,2022-08-08 01:15:00,27.9667,73.55,83.84,74,100,6.46,overcast clouds
148,Mosetse,BW,2022-08-08 01:11:21,-20.75,26.65,60.96,30,4,8.23,clear sky
149,Taonan,CN,2022-08-08 01:15:01,45.3333,122.7833,71.71,47,0,14.36,clear sky
150,Maceio,BR,2022-08-08 01:15:01,-9.6658,-35.7353,71.04,88,20,2.3,few clouds
151,Ossora,RU,2022-08-08 01:15:02,59.2353,163.0719,64.76,63,100,7.4,overcast clouds
152,Mar Del Plata,AR,2022-08-08 01:10:10,-38.0023,-57.5575,46.09,83,100,12.66,light rain
153,Vondrozo,MG,2022-08-08 01:15:03,-22.8167,47.2833,55.83,97,4,1.83,clear sky
154,Bethel,US,2022-08-08 01:15:03,41.3712,-73.414,81.01,87,75,0.0,broken clouds
155,Airai,TL,2022-08-08 01:14:34,-8.9266,125.4092,70.99,42,20,4.65,few clouds
156,Surgut,RU,2022-08-08 01:15:04,61.25,73.4167,60.98,82,0,2.24,clear sky
157,Chauk,MM,2022-08-08 01:15:04,20.8833,94.8167,79.14,84,100,10.18,overcast clouds
158,Puerto Ayora,EC,2022-08-08 01:15:05,-0.7393,-90.3518,67.55,96,68,10.09,broken clouds
159,Port Macquarie,AU,2022-08-08 01:12:04,-31.4333,152.9167,62.89,62,10,14.2,clear sky
160,Mannargudi,IN,2022-08-08 01:15:06,10.6667,79.4333,79.02,70,100,6.46,heavy intensity rain
161,Maloy,NO,2022-08-08 01:15:06,61.9353,5.1136,53.33,60,100,15.28,overcast clouds
162,Hobart,AU,2022-08-08 01:13:00,-42.8794,147.3294,49.26,83,20,10.36,few clouds
163,Datong,CN,2022-08-08 01:15:07,40.0936,113.2914,76.95,51,99,9.17,overcast clouds
164,Ulladulla,AU,2022-08-08 01:15:08,-35.35,150.4667,56.12,64,33,9.95,scattered clouds
165,Svetlogorsk,BY,2022-08-08 01:15:08,52.6333,29.7333,53.58,96,2,6.24,clear sky
166,Komyshuvakha,UA,2022-08-08 01:15:08,47.7176,35.5288,69.85,47,4,7.58,clear sky
167,Hami,CN,2022-08-08 01:15:09,42.8,93.45,89.29,17,0,14.7,clear sky
168,Salinas,US,2022-08-08 01:15:09,36.6777,-121.6555,81.41,62,0,13.8,clear sky
169,Tutoia,BR,2022-08-08 01:11:15,-2.7619,-42.2744,78.04,87,13,11.61,few clouds
170,Biak,ID,2022-08-08 01:15:10,-0.9131,122.8766,80.06,74,64,5.66,broken clouds
171,Balaipungut,ID,2022-08-08 01:15:10,1.05,101.2833,77.04,94,87,2.46,overcast clouds
172,Isilkul,RU,2022-08-08 01:15:11,54.9109,71.2728,59.79,79,75,8.55,broken clouds
173,Vaitape,PF,2022-08-08 01:15:12,-16.5167,-151.75,76.53,71,65,25.95,broken clouds
174,Carnarvon,AU,2022-08-08 01:15:15,-24.8667,113.6333,65.25,70,0,11.59,clear sky
175,Hambantota,LK,2022-08-08 01:15:16,6.1241,81.1185,77.76,82,63,17.67,broken clouds
176,Hushitai,CN,2022-08-08 01:15:16,41.9322,123.5114,76.91,74,96,11.32,overcast clouds
177,Namibe,AO,2022-08-08 01:15:17,-15.1961,12.1522,60.08,92,23,2.86,few clouds
178,Adrar,MR,2022-08-08 01:15:18,20.5022,-10.0711,97.23,26,65,12.15,broken clouds
179,Wilmington,US,2022-08-08 01:15:11,34.2257,-77.9447,81.86,72,0,4.61,clear sky
180,Colon,PA,2022-08-08 01:15:18,9.3592,-79.9014,81.45,86,100,5.01,overcast clouds
181,Victoria,HK,2022-08-08 01:12:31,22.2855,114.1577,83.97,94,44,1.01,moderate rain
182,Hemsedal,NO,2022-08-08 01:15:19,60.8629,8.5534,47.16,89,71,3.89,broken clouds
183,Torbay,CA,2022-08-08 01:15:19,47.6666,-52.7314,70.57,88,75,16.11,broken clouds
184,Batsfjord,NO,2022-08-08 01:15:20,70.6345,29.7185,49.93,93,100,18.41,light rain
185,New Norfolk,AU,2022-08-08 01:15:21,-42.7826,147.0587,48.92,58,5,2.3,clear sky
186,Dongsheng,CN,2022-08-08 01:15:21,39.8161,109.9776,68.54,66,100,16.42,overcast clouds
187,Moen,NO,2022-08-08 01:15:21,69.1304,18.6123,49.86,93,75,2.3,broken clouds
188,Bluff,NZ,2022-08-08 01:15:22,-46.6,168.3333,42.8,55,10,20.74,clear sky
189,Half Moon Bay,US,2022-08-08 01:13:24,37.4636,-122.4286,78.91,65,0,24.16,clear sky
190,Petropavlovsk-Kamchatskiy,RU,2022-08-08 01:15:23,53.0452,158.6483,61.39,77,75,6.71,broken clouds
191,Ahipara,NZ,2022-08-08 01:15:24,-35.1667,173.1667,61.05,72,1,7.47,clear sky
192,Asau,RO,2022-08-08 01:15:24,46.4333,26.4,63.52,96,19,3.89,few clouds
193,Zhangye,CN,2022-08-08 01:15:24,38.9342,100.4517,76.42,37,23,5.7,few clouds
194,Zhanaozen,KZ,2022-08-08 01:15:25,43.3,52.8,76.26,30,88,10.94,overcast clouds
195,Cap Malheureux,MU,2022-08-08 01:15:26,-19.9842,57.6142,66.47,78,0,4.0,clear sky
196,Pevek,RU,2022-08-08 01:15:26,69.7008,170.3133,32.76,89,100,15.73,overcast clouds
197,Barranca,PE,2022-08-08 01:15:27,-10.75,-77.7667,61.18,82,89,10.8,overcast clouds
198,Marrakesh,MA,2022-08-08 01:15:27,31.6315,-8.0083,73.47,56,0,5.75,clear sky
199,Atbasar,KZ,2022-08-08 01:15:28,51.8,68.3333,59.58,85,98,7.81,overcast clouds
200,Ambilobe,MG,2022-08-08 01:15:28,-13.2,49.05,60.26,89,6,3.06,clear sky
201,Guerrero Negro,MX,2022-08-08 01:11:29,27.9769,-114.0611,79.32,68,99,15.41,overcast clouds
202,Catio,GW,2022-08-08 01:15:29,11.2833,-15.25,76.64,92,100,4.81,light rain
203,Sao Felix Do Xingu,BR,2022-08-08 01:15:30,-6.6447,-51.995,78.66,59,38,1.12,scattered clouds
204,Leningradskiy,RU,2022-08-08 01:15:30,69.3833,178.4167,33.1,94,99,20.74,light snow
205,Fukuma,JP,2022-08-08 01:15:31,33.7667,130.4667,91.4,65,99,5.79,overcast clouds
206,Henties Bay,NA,2022-08-08 01:15:31,-22.116,14.2845,54.5,91,99,7.56,overcast clouds
207,Havoysund,NO,2022-08-08 01:15:32,70.9963,24.6622,50.23,88,100,21.27,overcast clouds
208,Kirakira,SB,2022-08-08 01:15:32,-10.4544,161.9205,83.1,71,65,8.05,broken clouds
209,Hamilton,US,2022-08-08 01:14:44,39.1834,-84.5333,81.95,79,0,8.05,clear sky
210,Port Hardy,CA,2022-08-08 01:15:11,50.6996,-127.4199,69.98,68,20,19.57,fog
211,Nishihara,JP,2022-08-08 01:15:33,26.1842,127.7558,89.26,75,40,9.22,scattered clouds
212,Paamiut,GL,2022-08-08 01:15:34,61.994,-49.6678,43.34,89,7,15.48,clear sky
213,Laguna,US,2022-08-08 01:15:34,38.421,-121.4238,96.15,39,0,12.66,clear sky
214,Corrientes,AR,2022-08-08 01:15:35,-27.4806,-58.8341,58.89,87,20,6.91,few clouds
215,Korla,CN,2022-08-08 01:15:35,41.7597,86.1469,86.27,26,0,5.48,clear sky
216,Carsamba,TR,2022-08-08 01:15:36,41.1989,36.7219,73.78,94,20,4.61,few clouds
217,Vardo,NO,2022-08-08 01:15:36,70.3705,31.1107,48.18,87,100,12.66,light rain
218,Mstera,RU,2022-08-08 01:15:37,56.3789,41.92,60.4,94,31,4.61,scattered clouds
219,Lensk,RU,2022-08-08 01:15:37,60.7253,114.9278,54.18,80,100,1.61,overcast clouds
220,Pisco,PE,2022-08-08 01:14:50,-13.7,-76.2167,62.65,72,20,3.44,haze
221,Kabinda,CD,2022-08-08 01:15:37,-6.1333,24.4833,67.87,38,100,4.83,overcast clouds
222,Sao Jose Da Coroa Grande,BR,2022-08-08 01:15:38,-8.8978,-35.1478,76.1,65,92,8.93,overcast clouds
223,Trudovoye,RU,2022-08-08 01:15:38,43.3058,132.0817,80.33,69,20,8.95,few clouds
224,Lichinga,MZ,2022-08-08 01:15:39,-13.3128,35.2406,53.69,71,0,6.91,clear sky
225,Richards Bay,ZA,2022-08-08 01:15:39,-28.783,32.0377,67.33,89,39,12.33,scattered clouds
226,Belaya Gora,RU,2022-08-08 01:15:40,68.5333,146.4167,66.6,40,57,13.24,broken clouds
227,Alegrete,BR,2022-08-08 01:15:40,-29.7831,-55.7919,53.42,85,100,18.07,overcast clouds
228,Alice Town,BS,2022-08-08 01:15:40,25.7167,-79.3,83.55,73,97,16.15,overcast clouds
229,San Cristobal,VE,2022-08-08 01:11:30,7.7669,-72.225,73.58,94,99,2.68,overcast clouds
230,Cidreira,BR,2022-08-08 01:15:41,-30.1811,-50.2056,58.84,93,100,11.65,overcast clouds
231,Baykit,RU,2022-08-08 01:15:42,61.67,96.37,63.75,68,36,3.58,scattered clouds
232,Banda Aceh,ID,2022-08-08 01:15:43,5.5577,95.3222,80.62,71,98,11.34,overcast clouds
233,Kruisfontein,ZA,2022-08-08 01:15:43,-34.0033,24.7314,57.88,95,100,15.17,heavy intensity rain
234,Khovu-Aksy,RU,2022-08-08 01:15:44,51.1333,93.6,62.55,54,65,4.32,light rain
235,Abilene,US,2022-08-08 01:12:38,32.4487,-99.7331,95.22,29,0,17.27,clear sky
236,Viedma,AR,2022-08-08 01:15:44,-40.8135,-62.9967,40.68,87,100,5.14,overcast clouds
237,Havelock,US,2022-08-08 01:15:45,34.8791,-76.9013,84.18,86,0,4.61,clear sky
238,Winnemucca,US,2022-08-08 01:15:45,40.973,-117.7357,91.45,18,0,9.22,clear sky
239,Artyom,AZ,2022-08-08 01:11:10,40.4723,50.333,75.34,77,88,19.48,overcast clouds
240,Payo,ID,2022-08-08 01:15:46,-3.7508,103.6372,77.43,73,77,1.7,broken clouds
241,Foca,TR,2022-08-08 01:15:46,38.6703,26.7566,78.64,71,0,15.41,clear sky
242,Hasaki,JP,2022-08-08 01:15:47,35.7333,140.8333,91.29,79,4,18.66,clear sky
243,Gubkinskiy,RU,2022-08-08 01:15:47,64.434,76.5026,64.45,79,100,8.43,light rain
244,Horodyshche,UA,2022-08-08 01:15:48,49.2849,31.4451,65.55,89,90,9.31,overcast clouds
245,Kasongo-Lunda,CD,2022-08-08 01:15:48,-6.4667,16.8167,69.57,38,93,1.79,overcast clouds
246,Luderitz,NA,2022-08-08 01:15:49,-26.6481,15.1594,55.78,73,0,8.41,clear sky
247,Husavik,IS,2022-08-08 01:12:32,66.0449,-17.3389,51.06,88,22,6.71,few clouds
248,Kendari,ID,2022-08-08 01:15:49,-3.945,122.4989,80.26,78,99,2.75,overcast clouds
249,Eyl,SO,2022-08-08 01:15:49,7.9803,49.8164,75.47,71,92,22.73,overcast clouds
250,Upernavik,GL,2022-08-08 01:15:50,72.7868,-56.1549,41.85,83,100,7.14,overcast clouds
251,Kununurra,AU,2022-08-08 01:15:51,-15.7667,128.7333,87.78,33,98,10.36,overcast clouds
252,Rusape,ZW,2022-08-08 01:15:51,-18.5278,32.1284,49.26,41,0,3.76,clear sky
253,Sinazongwe,ZM,2022-08-08 01:15:51,-17.2614,27.4618,64.15,41,0,0.72,clear sky
254,Tuatapere,NZ,2022-08-08 01:15:44,-46.1333,167.6833,42.13,66,10,12.75,clear sky
255,Wanning,CN,2022-08-08 01:15:52,18.8003,110.3967,82.18,85,100,6.67,overcast clouds
256,Waipawa,NZ,2022-08-08 01:15:53,-41.4122,175.5153,46.38,94,100,20.0,light rain
257,Ranong,TH,2022-08-08 01:15:53,9.9658,98.6348,82.33,82,100,9.57,light rain
258,Sai Buri,TH,2022-08-08 01:15:54,6.7013,101.6168,80.31,85,100,3.38,overcast clouds
259,Changqing,CN,2022-08-08 01:15:54,36.5575,116.7272,88.03,72,100,5.14,overcast clouds
260,Bosaso,SO,2022-08-08 01:15:54,11.2842,49.1816,89.71,38,3,21.43,clear sky
261,Bubaque,GW,2022-08-08 01:15:55,11.2833,-15.8333,78.37,86,100,12.5,light rain
262,Iralaya,HN,2022-08-08 01:15:55,15.0,-83.2333,80.02,87,100,11.63,overcast clouds
263,Concordia,AR,2022-08-08 01:12:32,-31.393,-58.0209,57.78,79,100,11.99,overcast clouds
264,Nanortalik,GL,2022-08-08 01:15:55,60.1432,-45.2371,44.37,81,13,5.68,few clouds
265,Oranjemund,NA,2022-08-08 01:15:56,-28.55,16.4333,53.13,82,0,5.86,clear sky
266,Pedraza,CO,2022-08-08 01:15:56,10.1874,-74.915,77.36,93,100,5.5,overcast clouds
267,Saskylakh,RU,2022-08-08 01:15:57,71.9167,114.0833,54.09,56,100,10.42,overcast clouds
268,Port Moresby,PG,2022-08-08 01:15:57,-9.4431,147.1797,87.22,58,40,12.66,haze
269,Toora-Khem,RU,2022-08-08 01:15:58,52.4675,96.11,57.16,47,100,2.24,overcast clouds
270,Vestmannaeyjar,IS,2022-08-08 01:15:37,63.4427,-20.2734,51.75,87,61,18.3,broken clouds
271,Sarankhola,BD,2022-08-08 01:15:58,22.3082,89.7897,81.25,88,100,6.71,overcast clouds
272,Vuktyl,RU,2022-08-08 01:15:58,63.8567,57.3094,67.46,65,45,7.63,scattered clouds
273,Kavaratti,IN,2022-08-08 01:15:59,10.5669,72.642,80.24,84,100,24.02,overcast clouds
274,Coihaique,CL,2022-08-08 01:14:22,-45.5752,-72.0662,37.35,81,100,3.44,overcast clouds
275,Vanimo,PG,2022-08-08 01:15:59,-2.6741,141.3028,82.83,75,100,7.05,overcast clouds
276,Rio Negrinho,BR,2022-08-08 01:16:00,-26.2544,-49.5183,55.94,99,100,1.48,moderate rain
277,Tilichiki,RU,2022-08-08 01:16:00,60.4667,166.1,65.08,57,100,5.73,overcast clouds
278,Narsaq,GL,2022-08-08 01:16:00,60.9167,-46.05,43.02,77,0,1.63,clear sky
279,Ban Nahin,LA,2022-08-08 01:16:01,18.2418,104.2122,78.22,91,81,0.04,light rain
280,Husum,DE,2022-08-08 01:16:01,54.4858,9.0524,56.98,89,11,3.18,few clouds
281,Salalah,OM,2022-08-08 01:16:02,17.0151,54.0924,75.29,100,100,6.91,light intensity drizzle
282,Dingle,PH,2022-08-08 01:16:03,10.9995,122.6711,80.37,82,99,4.0,overcast clouds
283,Taoudenni,ML,2022-08-08 01:16:03,22.6783,-3.9836,99.0,11,4,9.95,clear sky
284,Araouane,ML,2022-08-08 01:16:03,18.9048,-3.5265,97.52,18,15,8.75,few clouds
285,Brae,GB,2022-08-08 01:16:04,60.3964,-1.353,55.44,97,100,13.06,overcast clouds
286,Roald,NO,2022-08-08 01:16:04,62.5833,6.1333,58.75,88,100,10.36,overcast clouds
287,Flinders,AU,2022-08-08 01:16:05,-34.5833,150.8552,61.18,60,32,5.01,scattered clouds
288,Chokwe,MZ,2022-08-08 01:16:05,-24.5333,32.9833,68.04,66,7,8.34,clear sky
289,Lamu,KE,2022-08-08 01:16:06,-2.2717,40.902,71.82,77,72,16.82,broken clouds
290,Khani,GE,2022-08-08 01:16:06,41.9563,42.9566,62.17,95,47,2.44,scattered clouds
291,La Asuncion,VE,2022-08-08 01:15:07,11.0333,-63.8628,82.13,83,52,9.22,broken clouds
292,Arlit,NE,2022-08-08 01:15:37,18.7369,7.3853,93.56,32,93,13.8,overcast clouds
293,Aklavik,CA,2022-08-08 01:16:07,68.2191,-135.0107,56.91,60,68,8.84,broken clouds
294,Sulphur Springs,US,2022-08-08 01:16:07,33.1385,-95.6011,94.95,34,100,5.75,overcast clouds
295,Deputatskiy,RU,2022-08-08 01:16:08,69.3,139.9,49.86,88,100,4.74,overcast clouds
296,Grindavik,IS,2022-08-08 01:16:08,63.8424,-22.4338,49.95,93,75,13.8,broken clouds
297,Kaitangata,NZ,2022-08-08 01:16:09,-46.2817,169.8464,43.5,53,12,13.35,few clouds
298,Osmena,PH,2022-08-08 01:16:09,10.5208,119.9258,81.61,79,81,11.21,light rain
299,Gimli,CA,2022-08-08 01:16:09,50.6336,-96.9907,66.87,63,1,5.68,clear sky
300,Ulaanbaatar,MN,2022-08-08 01:11:39,47.9077,106.8832,59.13,63,40,2.24,scattered clouds
301,Camacupa,AO,2022-08-08 01:16:10,-12.0167,17.4833,55.11,36,0,4.63,clear sky
302,Chama,CH,2022-08-08 01:16:11,47.1821,8.4636,64.65,90,40,0.0,scattered clouds
303,Revuca,SK,2022-08-08 01:16:11,48.6835,20.1173,54.57,55,11,6.4,few clouds
304,Port Antonio,JM,2022-08-08 01:16:12,18.18,-76.4612,84.11,84,25,5.59,scattered clouds
305,Lutkun,RU,2022-08-08 01:16:12,41.4808,47.6858,61.09,92,54,0.89,broken clouds
306,Tobermory,CA,2022-08-08 01:16:13,45.2501,-81.6665,65.37,90,97,18.9,overcast clouds
307,Yellowknife,CA,2022-08-08 01:14:47,62.456,-114.3525,63.12,77,75,3.44,broken clouds
308,Inhambane,MZ,2022-08-08 01:16:14,-23.865,35.3833,68.13,85,0,8.75,clear sky
309,Havre-Saint-Pierre,CA,2022-08-08 01:16:15,50.2334,-63.5986,62.96,59,0,11.5,clear sky
310,Vila,PT,2022-08-08 01:16:15,42.0304,-8.1588,60.69,85,3,2.75,clear sky
311,Vila Franca Do Campo,PT,2022-08-08 01:16:16,37.7167,-25.4333,72.01,87,82,6.33,broken clouds
312,Praia Da Vitoria,PT,2022-08-08 01:16:16,38.7333,-27.0667,72.75,100,20,8.19,few clouds
313,Erdenet,MN,2022-08-08 01:16:17,49.0333,104.0833,58.87,70,48,1.34,scattered clouds
314,Kunya,NG,2022-08-08 01:16:17,12.2233,8.5325,77.16,88,20,9.22,thunderstorm
315,Camocim,BR,2022-08-08 01:16:17,-2.9022,-40.8411,77.36,80,8,15.19,clear sky
316,Nelson Bay,AU,2022-08-08 01:15:21,-32.7167,152.15,62.01,94,87,10.0,light rain
317,Clyde River,CA,2022-08-08 01:16:18,70.4692,-68.5914,37.63,93,0,6.91,clear sky
318,Yarada,IN,2022-08-08 01:16:19,17.65,83.2667,79.12,94,100,5.75,light intensity drizzle
319,Sheregesh,RU,2022-08-08 01:16:19,52.9209,87.9869,59.58,63,3,2.68,clear sky
320,Marolambo,MG,2022-08-08 01:16:19,-20.05,48.1167,54.95,97,7,2.48,clear sky
321,Teacapan,MX,2022-08-08 01:16:20,22.55,-105.75,84.9,71,74,9.69,broken clouds
322,Dahuk,IQ,2022-08-08 01:12:34,36.8695,42.994,83.03,30,0,2.71,clear sky
323,Kenora,CA,2022-08-08 01:15:20,49.8167,-94.4337,63.57,63,75,3.44,broken clouds
324,Okha,RU,2022-08-08 01:16:20,53.5739,142.9478,55.36,95,100,19.13,overcast clouds
325,Coquimbo,CL,2022-08-08 01:16:21,-29.9533,-71.3436,53.33,82,0,3.44,clear sky
326,Ponta Delgada,PT,2022-08-08 01:16:21,37.7333,-25.6667,72.32,88,20,3.44,few clouds
327,Fort Wellington,GY,2022-08-08 01:16:22,6.4,-57.6,79.88,82,22,9.19,few clouds
328,Agadir,MA,2022-08-08 01:16:22,30.4202,-9.5982,64.85,70,0,2.24,clear sky
329,Lasa,IT,2022-08-08 01:16:23,46.6166,10.7002,65.28,90,82,2.04,broken clouds
330,Ust-Karsk,RU,2022-08-08 01:16:23,52.7011,118.8077,65.32,43,0,9.17,clear sky
331,Cabo San Lucas,MX,2022-08-08 01:13:27,22.8909,-109.9124,88.05,74,75,0.0,broken clouds
332,Jalingo,NG,2022-08-08 01:16:23,8.8833,11.3667,73.33,92,100,2.73,light rain
333,Barsovo,RU,2022-08-08 01:16:24,61.1667,73.1667,60.93,66,100,2.48,overcast clouds
334,Abu Kamal,SY,2022-08-08 01:16:25,34.4506,40.9171,86.0,23,2,9.48,clear sky
335,Canutama,BR,2022-08-08 01:16:25,-6.5339,-64.3831,78.01,73,91,1.03,overcast clouds
336,Maiduguri,NG,2022-08-08 01:16:27,11.8464,13.1603,73.18,90,100,1.14,moderate rain
337,Sao Bento Do Sul,BR,2022-08-08 01:16:27,-26.2503,-49.3786,55.24,98,100,1.23,light rain
338,Fairbanks,US,2022-08-08 01:16:28,64.8378,-147.7164,60.6,60,0,10.36,clear sky
339,Staraya Poltavka,RU,2022-08-08 01:16:29,50.4772,46.4814,71.1,41,7,7.11,clear sky
340,Atambua,ID,2022-08-08 01:16:30,-9.1061,124.8925,80.67,52,8,2.42,clear sky
341,Arica,CL,2022-08-08 01:16:30,-18.475,-70.3042,59.23,77,100,8.05,overcast clouds
342,Kaya,BF,2022-08-08 01:16:31,13.0917,-1.0844,81.41,68,46,7.85,light rain
343,Florida,US,2022-08-08 01:15:16,28.7505,-82.5001,80.08,90,100,9.22,overcast clouds
344,Thinadhoo,MV,2022-08-08 01:16:31,0.5333,72.9333,81.72,73,100,6.71,overcast clouds
345,Ararat,AM,2022-08-08 01:16:32,39.8317,44.7049,75.54,67,0,5.84,clear sky
346,Bonthe,SL,2022-08-08 01:16:32,7.5264,-12.505,75.47,88,60,7.99,light rain
347,Abha,SA,2022-08-08 01:16:34,18.2164,42.5053,64.22,88,0,0.0,clear sky
348,Kysyl-Syr,RU,2022-08-08 01:16:34,63.8986,122.7617,61.63,80,79,6.02,broken clouds
349,West Bay,KY,2022-08-08 01:16:35,19.3667,-81.4167,84.27,80,20,9.22,few clouds
350,Acajutla,SV,2022-08-08 01:16:35,13.5928,-89.8275,79.7,82,98,4.29,overcast clouds
351,Bonavista,CA,2022-08-08 01:16:36,48.6499,-53.1147,66.9,90,100,22.19,overcast clouds
352,Gamba,GA,2022-08-08 01:16:36,-2.65,10.0,67.69,86,45,5.93,scattered clouds
353,Marsh Harbour,BS,2022-08-08 01:16:36,26.5412,-77.0636,83.14,71,33,10.56,scattered clouds
354,Buchanan,LR,2022-08-08 01:16:37,5.8808,-10.0467,74.03,82,69,7.18,broken clouds
355,Sioux Lookout,CA,2022-08-08 01:15:21,50.1001,-91.917,64.47,59,75,2.3,broken clouds
356,Beira,MZ,2022-08-08 01:16:37,-19.8436,34.8389,60.89,100,0,4.61,fog
357,Yangambi,CD,2022-08-08 01:16:38,0.8102,24.4336,69.89,91,51,2.17,broken clouds
358,Shelbyville,US,2022-08-08 01:16:35,35.4834,-86.4603,76.48,81,74,3.96,broken clouds
359,Maine-Soroa,NE,2022-08-08 01:16:38,13.2114,12.0241,77.05,79,100,8.32,moderate rain
360,Den Helder,NL,2022-08-08 01:16:39,52.9599,4.7593,62.58,92,100,2.3,overcast clouds
361,Dovbysh,UA,2022-08-08 01:16:40,50.3733,27.9874,57.24,93,74,6.35,broken clouds
362,Veraval,IN,2022-08-08 01:16:40,20.9,70.3667,80.64,90,100,8.34,moderate rain
363,Ola,RU,2022-08-08 01:16:40,59.5833,151.2833,60.26,69,92,5.77,overcast clouds
364,Ambatondrazaka,MG,2022-08-08 01:16:41,-17.8333,48.4167,51.87,97,56,3.65,broken clouds
365,Latung,PH,2022-08-08 01:16:42,5.5,120.8833,81.23,72,100,4.12,overcast clouds
366,Trincomalee,LK,2022-08-08 01:16:43,8.5711,81.2335,79.63,76,95,23.53,overcast clouds
367,Vao,NC,2022-08-08 01:16:43,-22.6667,167.4833,71.78,83,14,9.17,few clouds
368,Bredy,RU,2022-08-08 01:16:44,52.4153,60.3411,63.3,79,100,7.4,overcast clouds
369,Kieta,PG,2022-08-08 01:16:44,-6.2167,155.6333,84.27,69,43,4.47,light rain
370,Boende,CD,2022-08-08 01:16:44,-0.2167,20.8667,72.72,83,36,2.73,scattered clouds
371,Atar,MR,2022-08-08 01:16:45,20.5169,-13.0499,94.44,34,10,7.27,clear sky
372,Ust-Nera,RU,2022-08-08 01:16:45,64.5667,143.2,67.73,62,87,2.39,overcast clouds
373,Lagunas,PE,2022-08-08 01:16:46,-5.2269,-75.6753,79.07,72,97,1.05,overcast clouds
374,Yulara,AU,2022-08-08 01:15:47,-25.2406,130.9889,59.99,29,5,14.9,clear sky
375,Bengkulu,ID,2022-08-08 01:16:46,-3.8004,102.2655,77.86,79,15,4.88,few clouds
376,Port Lincoln,AU,2022-08-08 01:15:37,-34.7333,135.8667,53.8,63,0,7.9,clear sky
377,Umm Lajj,SA,2022-08-08 01:16:47,25.0213,37.2685,86.83,79,49,9.31,light rain
378,Ilheus,BR,2022-08-08 01:12:46,-14.7889,-39.0494,69.55,80,15,4.99,few clouds
379,Pacific Grove,US,2022-08-08 01:16:48,36.6177,-121.9166,79.25,74,0,10.36,clear sky
380,Elko,US,2022-08-08 01:15:11,41.0002,-115.5012,89.74,23,6,5.99,clear sky
381,Goulburn,AU,2022-08-08 01:16:48,-34.75,149.7167,49.93,62,8,5.12,clear sky
382,Altay,CN,2022-08-08 01:16:49,47.8667,88.1167,75.24,33,35,1.48,scattered clouds
383,Mehamn,NO,2022-08-08 01:16:49,71.0357,27.8492,49.91,93,100,14.97,light rain
384,Mount Gambier,AU,2022-08-08 01:16:50,-37.8333,140.7667,49.84,70,95,4.94,overcast clouds
385,Olafsvik,IS,2022-08-08 01:16:50,64.8945,-23.7142,50.58,83,60,21.03,light rain
386,San Miguel De Cauri,PE,2022-08-08 01:16:51,-10.1,-76.5833,45.88,88,93,4.34,overcast clouds
387,Nowe Miasto Lubawskie,PL,2022-08-08 01:13:27,53.4208,19.5952,57.04,72,99,5.61,overcast clouds
388,Purpe,RU,2022-08-08 01:16:52,64.4803,76.6897,66.13,74,29,8.57,light rain
389,Tura,IN,2022-08-08 01:16:52,25.5198,90.2201,75.9,97,100,2.95,light rain
390,Alta Floresta,BR,2022-08-08 01:16:52,-9.8756,-56.0861,75.02,88,0,2.3,clear sky
391,Gatton,AU,2022-08-08 01:16:53,-27.55,152.2833,63.64,39,0,3.8,clear sky
392,Bardiyah,LY,2022-08-08 01:16:53,31.7561,25.0865,77.11,82,0,12.59,clear sky
393,Westport,US,2022-08-08 01:12:13,41.1415,-73.3579,84.11,64,75,9.22,broken clouds
394,Los Lunas,US,2022-08-08 01:16:54,34.8062,-106.7334,89.33,21,2,5.37,light rain
395,Hovd,MN,2022-08-08 01:16:54,48.0056,91.6419,69.51,33,0,4.43,clear sky
396,Ivolginsk,RU,2022-08-08 01:16:55,51.7492,107.2837,56.86,67,0,2.24,clear sky
397,Salinopolis,BR,2022-08-08 01:16:55,-0.6136,-47.3561,78.35,86,74,11.56,broken clouds
398,Naifaru,MV,2022-08-08 01:16:56,5.4444,73.3657,80.2,83,99,16.75,overcast clouds
399,Constitucion,CL,2022-08-08 01:16:56,-35.3333,-72.4167,47.53,87,0,8.3,clear sky
400,Nome,US,2022-08-08 01:16:57,64.5011,-165.4064,50.07,81,100,4.61,light rain
401,Broken Hill,AU,2022-08-08 01:12:11,-31.95,141.4333,55.81,49,2,5.61,clear sky
402,Bagdarin,RU,2022-08-08 01:16:58,54.4333,113.6,57.02,57,100,10.76,overcast clouds
403,Belmonte,BR,2022-08-08 01:16:59,-15.8631,-38.8828,72.34,76,6,8.43,clear sky
404,Almenara,BR,2022-08-08 01:17:00,-16.1836,-40.6944,67.57,93,12,2.93,light rain
405,Lavrentiya,RU,2022-08-08 01:17:00,65.5833,-171.0,37.44,84,100,12.82,light rain
406,Diffa,NE,2022-08-08 01:17:01,13.3154,12.6113,76.12,82,100,10.11,moderate rain
407,Codrington,AU,2022-08-08 01:17:01,-38.2667,141.9667,51.67,63,2,5.19,clear sky
408,Beloha,MG,2022-08-08 01:17:02,-25.1667,45.05,59.9,94,5,6.33,clear sky
409,Gongzhuling,CN,2022-08-08 01:17:02,43.5008,124.8198,70.0,78,7,7.4,clear sky
410,Souillac,MU,2022-08-08 01:16:54,-20.5167,57.5167,62.98,94,40,5.75,scattered clouds
411,Aleppo,SY,2022-08-08 01:17:03,36.25,37.5,73.0,75,0,17.94,clear sky
412,Portland,US,2022-08-08 01:15:38,45.5234,-122.6762,101.55,23,20,8.05,few clouds
413,Cururupu,BR,2022-08-08 01:17:03,-1.8283,-44.8683,73.72,92,51,3.78,broken clouds
414,Minab,IR,2022-08-08 01:17:04,27.1467,57.0801,86.32,79,0,0.0,clear sky
415,Dakar,SN,2022-08-08 01:12:27,14.6937,-17.4441,81.48,81,100,4.23,light rain
416,Gobabis,NA,2022-08-08 01:17:04,-22.45,18.9667,54.03,42,2,5.32,clear sky
417,Vestmanna,FO,2022-08-08 01:17:05,62.1564,-7.1664,50.92,100,100,5.75,mist
418,Revelstoke,CA,2022-08-08 01:15:20,50.9832,-118.2023,77.02,53,0,3.44,clear sky
419,Xichang,CN,2022-08-08 01:17:06,27.8964,102.2634,70.02,90,100,0.29,overcast clouds
420,San Bartolome De Tirajana,ES,2022-08-08 01:17:06,27.9248,-15.5733,62.31,82,20,24.16,few clouds
421,Fare,PF,2022-08-08 01:17:06,-16.7,-151.0167,76.42,71,9,24.47,clear sky
422,Vanderhoof,CA,2022-08-08 01:17:07,54.0166,-124.0198,80.02,30,1,11.7,clear sky
423,Simbahan,PH,2022-08-08 01:17:07,6.3032,120.5836,81.45,74,91,5.41,overcast clouds
424,Koumac,NC,2022-08-08 01:17:08,-20.5667,164.2833,76.5,73,53,8.43,broken clouds
425,Goundam,ML,2022-08-08 01:17:08,16.4145,-3.6708,84.38,57,100,21.68,overcast clouds
426,Trinidad,BO,2022-08-08 01:17:10,-14.8333,-64.9,71.69,96,100,3.31,overcast clouds
427,Jardim,BR,2022-08-08 01:17:10,-21.4803,-56.1381,67.73,94,100,3.74,overcast clouds
428,Iracoubo,GF,2022-08-08 01:17:11,5.4802,-53.2011,79.86,81,100,9.48,overcast clouds
429,Pecos,US,2022-08-08 01:15:24,31.4229,-103.4932,94.03,27,0,10.36,clear sky
430,Solone,UA,2022-08-08 01:17:11,48.2081,34.8721,69.06,49,4,8.32,clear sky
431,Clarence Town,AU,2022-08-08 01:17:12,-32.5833,151.7833,61.86,68,36,7.56,light rain
432,Nago,JP,2022-08-08 01:17:13,26.5881,127.9761,90.03,73,6,5.7,clear sky
433,Moron,AR,2022-08-08 01:17:14,-34.6534,-58.6198,49.69,79,55,9.37,broken clouds
434,Chihuahua,MX,2022-08-08 01:14:30,28.5,-106.0,86.83,34,24,13.69,few clouds
435,Gwanda,ZW,2022-08-08 01:17:14,-20.9333,29.0,59.13,35,5,6.24,clear sky
436,Colac,AU,2022-08-08 01:17:15,-38.3333,143.5833,49.17,61,2,4.14,clear sky
437,Fort Frances,CA,2022-08-08 01:17:16,48.5999,-93.4003,64.06,75,100,0.0,overcast clouds
438,Union,US,2022-08-08 01:17:16,40.6334,-74.2663,89.49,59,0,11.5,clear sky
439,Darnah,LY,2022-08-08 01:17:17,32.767,22.6367,79.84,65,0,12.8,clear sky
440,Tazovskiy,RU,2022-08-08 01:17:17,67.4667,78.7,60.94,88,0,6.22,clear sky
441,Port Hedland,AU,2022-08-08 01:17:19,-20.3167,118.5667,73.45,20,0,5.75,clear sky
442,Tommot,RU,2022-08-08 01:17:19,58.9564,126.2925,59.36,72,100,7.0,overcast clouds
443,Bireun,ID,2022-08-08 01:17:20,5.203,96.7009,79.39,64,65,4.25,broken clouds
444,Puerto Del Rosario,ES,2022-08-08 01:17:21,28.5004,-13.8627,71.35,88,20,18.41,few clouds
445,Xingcheng,CN,2022-08-08 01:17:21,40.6167,120.7167,77.68,53,31,14.72,scattered clouds
446,Fuerte,PH,2022-08-08 01:17:22,17.5381,120.3644,80.11,73,100,0.67,overcast clouds
447,Tautira,PF,2022-08-08 01:17:22,-17.7333,-149.15,74.59,75,52,23.35,light rain
448,Siddipet,IN,2022-08-08 01:17:23,18.1,78.85,72.0,96,100,14.05,very heavy rain
449,Swift Current,CA,2022-08-08 01:17:24,50.2834,-107.8014,86.81,19,0,11.5,clear sky
450,Ostersund,SE,2022-08-08 01:14:24,63.1792,14.6357,46.62,100,54,3.44,broken clouds
451,Sistranda,NO,2022-08-08 01:17:25,63.7256,8.834,51.76,79,100,6.64,overcast clouds
452,Nouadhibou,MR,2022-08-08 01:17:26,20.931,-17.0347,73.38,88,3,10.36,clear sky
453,Saint George,US,2022-08-08 01:16:29,37.1041,-113.5841,103.62,12,0,12.66,clear sky
454,Florianopolis,BR,2022-08-08 01:17:26,-27.6146,-48.5012,61.41,99,100,9.22,light intensity drizzle rain
455,Sayhat,SA,2022-08-08 01:17:27,26.4852,50.0405,89.82,58,0,5.37,clear sky
456,Elkhart,US,2022-08-08 01:12:38,41.5823,-85.8344,76.48,93,100,0.0,overcast clouds
457,Samarai,PG,2022-08-08 01:17:28,-10.6167,150.6667,81.28,70,59,12.06,broken clouds
458,Palu,ID,2022-08-08 01:17:28,-0.8917,119.8707,81.12,85,82,0.65,broken clouds
459,Jambi,ID,2022-08-08 01:17:29,-1.6,103.6167,77.52,81,14,5.01,few clouds
460,Takoradi,GH,2022-08-08 01:15:41,4.8845,-1.7554,73.29,78,81,11.21,broken clouds
461,Vostok,RU,2022-08-08 01:17:30,46.4856,135.8833,67.12,98,100,3.36,overcast clouds
462,Nabire,ID,2022-08-08 01:15:23,-3.3667,135.4833,80.71,82,33,0.74,scattered clouds
463,Komsomolskiy,UZ,2022-08-08 01:17:30,40.4272,71.7189,77.58,30,5,3.18,clear sky
464,Lorengau,PG,2022-08-08 01:17:31,-2.0226,147.2712,84.47,71,91,7.92,overcast clouds
465,Kungurtug,RU,2022-08-08 01:17:32,50.5994,97.5228,61.39,36,73,1.07,broken clouds
466,Marsa Matruh,EG,2022-08-08 01:17:32,31.3525,27.2453,76.57,78,0,9.93,clear sky
467,Krasnyy Chikoy,RU,2022-08-08 01:17:33,50.3643,108.7512,61.21,55,59,0.74,broken clouds
468,Springfield,US,2022-08-08 01:17:21,37.2153,-93.2982,87.03,65,0,8.05,clear sky
469,Galesong,ID,2022-08-08 01:17:34,-5.3166,119.3661,82.42,71,26,11.52,scattered clouds
470,Barry,GB,2022-08-08 01:17:34,51.4067,-3.2694,62.33,73,2,5.75,clear sky
471,Suluq,LY,2022-08-08 01:17:35,31.6682,20.2521,78.75,74,0,6.26,clear sky
472,Lata,PT,2022-08-08 01:17:35,40.1629,-8.3327,59.94,90,0,2.19,clear sky
473,Nantucket,US,2022-08-08 01:13:17,41.2835,-70.0995,79.0,90,0,16.11,clear sky
474,Benguela,AO,2022-08-08 01:17:35,-12.5763,13.4055,65.5,89,69,3.29,broken clouds
475,Nanchang,CN,2022-08-08 01:14:58,28.6833,115.8833,87.01,59,77,6.6,broken clouds
476,Enshi,CN,2022-08-08 01:12:39,30.3,109.4833,84.49,71,100,1.23,overcast clouds
477,Nioro,GM,2022-08-08 01:17:36,13.35,-15.75,73.36,96,94,8.9,light rain
478,Qarqin,AF,2022-08-08 01:17:37,37.4185,66.0436,82.83,21,0,8.63,clear sky
479,Pithapuram,IN,2022-08-08 01:17:37,17.1167,82.2667,79.12,95,100,13.22,moderate rain
480,Bani,DO,2022-08-08 01:17:37,18.2833,-70.3333,76.44,74,89,13.2,overcast clouds
481,Cabedelo,BR,2022-08-08 01:17:38,-6.9811,-34.8339,72.27,76,2,11.92,clear sky
482,Aykhal,RU,2022-08-08 01:17:38,66.0,111.5,44.29,97,100,3.96,overcast clouds
483,Dalbandin,PK,2022-08-08 01:17:39,28.8947,64.4101,89.31,14,100,5.35,overcast clouds
484,Gisborne,NZ,2022-08-08 01:17:39,-38.6533,178.0042,56.98,67,16,5.44,few clouds
485,Nouakchott,MR,2022-08-08 01:17:40,18.0858,-15.9785,80.53,84,16,10.36,few clouds
486,Stillwater,US,2022-08-08 01:17:40,36.1156,-97.0584,93.56,46,0,9.22,clear sky
487,Bathsheba,BB,2022-08-08 01:15:40,13.2167,-59.5167,83.01,96,40,11.5,scattered clouds
488,Olinda,BR,2022-08-08 01:17:42,-8.0089,-34.8553,76.73,69,40,9.22,scattered clouds
489,Jutai,BR,2022-08-08 01:17:42,-5.1833,-68.9,77.11,83,82,1.92,light rain
490,Bandundu,CD,2022-08-08 01:17:43,-3.3167,17.3667,77.88,47,69,3.56,broken clouds
491,Port-Cartier,CA,2022-08-08 01:17:43,50.0334,-66.8654,62.28,54,67,10.49,broken clouds
492,Camapua,BR,2022-08-08 01:17:44,-19.5314,-54.0439,78.03,42,100,2.46,overcast clouds
493,Ancud,CL,2022-08-08 01:17:44,-41.8697,-73.8203,43.23,84,6,3.24,clear sky
494,Los Llanos De Aridane,ES,2022-08-08 01:17:44,28.6585,-17.9182,67.75,78,40,14.97,scattered clouds
495,Faya,SA,2022-08-08 01:17:45,18.3851,42.4509,64.51,72,6,4.12,clear sky
496,Gat,IL,2022-08-08 01:17:45,31.61,34.7642,77.68,71,0,0.6,clear sky
497,Qasigiannguit,GL,2022-08-08 01:17:46,68.8193,-51.1922,43.05,96,100,1.19,overcast clouds
498,Dargaville,NZ,2022-08-08 01:17:46,-35.9333,173.8833,62.04,66,1,6.22,clear sky
499,Esperance,AU,2022-08-08 01:17:46,-33.8667,121.9,54.61,79,9,15.88,clear sky
500,Aswan,EG,2022-08-08 01:17:47,24.0934,32.907,89.69,24,0,12.91,clear sky
501,Jiuquan,CN,2022-08-08 01:17:47,39.7432,98.5174,75.63,38,50,5.7,scattered clouds
502,San Antonio,US,2022-08-08 01:17:00,29.4241,-98.4936,92.12,51,0,14.97,clear sky
503,Riviere-Au-Renard,CA,2022-08-08 01:16:34,48.9957,-64.3971,66.49,63,100,20.96,overcast clouds
504,Katherine,AU,2022-08-08 01:17:48,-14.4667,132.2667,84.52,32,6,14.97,clear sky
505,Antonovo,BG,2022-08-08 01:17:49,43.15,26.1667,56.17,74,0,1.19,clear sky
506,Torbat-E Jam,IR,2022-08-08 01:17:49,35.244,60.6225,75.07,32,0,10.36,clear sky
507,Gari,RU,2022-08-08 01:17:50,59.4307,62.3497,64.44,81,15,2.93,few clouds
508,Shatrovo,RU,2022-08-08 01:17:50,56.5167,64.6333,61.48,81,86,4.94,overcast clouds
509,Changli,CN,2022-08-08 01:17:50,39.7042,119.1506,80.26,58,91,12.97,overcast clouds
510,Awbari,LY,2022-08-08 01:17:51,26.5921,12.7805,83.12,23,0,8.52,clear sky
511,Rottingdean,GB,2022-08-08 01:17:51,50.8098,-0.0594,62.44,81,6,4.32,clear sky
512,Sechura,PE,2022-08-08 01:17:52,-5.5569,-80.8222,64.42,76,1,16.87,clear sky
513,Eskisehir,TR,2022-08-08 01:17:52,39.7767,30.5206,66.11,82,20,6.91,few clouds
514,Sorland,NO,2022-08-08 01:17:53,67.667,12.6934,52.61,84,100,7.96,overcast clouds
515,Ternate,ID,2022-08-08 01:17:54,0.8,127.4,81.03,75,100,3.65,overcast clouds
516,Shimoda,JP,2022-08-08 01:17:54,34.6667,138.95,82.76,73,40,11.12,light rain
517,Gurkovo,BG,2022-08-08 01:17:55,42.6667,25.8,62.98,58,0,6.2,clear sky
518,Saint-Francois,FR,2022-08-08 01:17:55,46.4154,3.9054,56.68,71,0,4.61,clear sky
519,Rocha,UY,2022-08-08 01:17:56,-34.4833,-54.3333,42.93,90,96,3.56,overcast clouds
520,Ishigaki,JP,2022-08-08 01:17:56,24.3448,124.1572,89.73,70,40,11.5,scattered clouds
521,Ust-Tsilma,RU,2022-08-08 01:17:57,65.441,52.1498,59.65,97,39,5.19,light rain
522,Dryden,CA,2022-08-08 01:15:19,49.7833,-92.7503,62.89,63,100,3.44,overcast clouds
523,Nyimba,ZM,2022-08-08 01:17:57,-14.5566,30.8149,61.7,42,0,2.17,clear sky
524,Saint Anthony,US,2022-08-08 01:17:58,45.0205,-93.218,73.26,79,100,9.22,overcast clouds
525,Jacqueville,CI,2022-08-08 01:17:58,5.2052,-4.4146,75.7,79,41,14.25,scattered clouds
526,Salina Cruz,MX,2022-08-08 01:17:59,16.1667,-95.2,84.49,61,91,22.24,overcast clouds
527,Pustoshka,RU,2022-08-08 01:18:00,56.3355,29.369,52.07,79,96,1.63,overcast clouds
528,Oyama,JP,2022-08-08 01:18:01,36.3,139.8,90.59,59,100,3.38,overcast clouds
529,Zverinogolovskoye,RU,2022-08-08 01:18:01,54.4586,64.8542,62.64,77,100,6.8,overcast clouds
530,Ayagoz,KZ,2022-08-08 01:18:02,47.9714,80.4392,66.16,33,22,6.96,few clouds
531,Ponnani,IN,2022-08-08 01:18:03,10.767,75.9252,76.32,88,100,16.93,overcast clouds
532,Griffith,US,2022-08-08 01:18:03,41.5284,-87.4237,78.89,92,100,0.0,light rain
533,Pundaguitan,PH,2022-08-08 01:18:04,6.3711,126.1689,80.92,78,100,7.05,overcast clouds
534,Shellbrook,CA,2022-08-08 01:18:05,53.2168,-106.4011,76.23,60,3,9.73,clear sky
535,Tabou,CI,2022-08-08 01:18:05,4.423,-7.3528,72.86,83,27,9.15,scattered clouds
536,Manaus,BR,2022-08-08 01:14:04,-3.1019,-60.025,82.9,74,0,3.44,clear sky
537,Coahuayana,MX,2022-08-08 01:18:07,18.7333,-103.6833,81.84,79,72,3.56,broken clouds
538,Sawakin,SD,2022-08-08 01:18:07,19.1059,37.3321,91.8,54,100,12.15,overcast clouds
539,Klaeng,TH,2022-08-08 01:18:07,12.7797,101.6483,77.47,94,100,5.95,overcast clouds
540,Smithers,CA,2022-08-08 01:15:10,54.7804,-127.1743,75.52,29,40,6.91,scattered clouds
541,Irbit,RU,2022-08-08 01:18:08,57.6705,63.071,63.45,85,89,2.98,overcast clouds
542,Hillsborough,US,2022-08-08 01:17:06,37.5741,-122.3794,77.99,65,0,24.16,clear sky
543,Lanxi,CN,2022-08-08 01:18:09,29.2195,119.477,86.79,66,0,4.34,clear sky
544,Geraldton,AU,2022-08-08 01:18:09,-28.7667,114.6,55.81,88,100,13.8,overcast clouds
545,Puerto Madero,MX,2022-08-08 01:18:10,14.7208,-92.4215,82.6,89,40,0.0,scattered clouds
546,Buala,SB,2022-08-08 01:18:10,-8.145,159.5921,83.41,70,100,1.97,light rain
547,Cedar City,US,2022-08-08 01:14:38,37.6775,-113.0619,86.97,15,0,11.5,clear sky
548,Katete,UG,2022-08-08 01:18:11,-0.7818,29.7544,63.41,68,41,3.4,scattered clouds
549,Mitsamiouli,KM,2022-08-08 01:18:11,-11.3847,43.2844,75.11,68,17,6.62,few clouds
550,Hede,CN,2022-08-08 01:18:12,33.7681,120.2517,88.07,71,100,9.37,overcast clouds
551,Shiraz,IR,2022-08-08 01:18:12,29.6036,52.5388,76.44,44,0,4.61,clear sky
552,Mirpur Sakro,PK,2022-08-08 01:18:13,24.5474,67.6277,82.2,88,99,11.5,overcast clouds
553,Dhidhdhoo,MV,2022-08-08 01:18:14,6.8833,73.1,80.44,83,100,17.45,overcast clouds
554,Robertsport,LR,2022-08-08 01:18:14,6.7533,-11.3686,76.68,81,100,12.46,overcast clouds
555,Caraquet,CA,2022-08-08 01:18:15,47.7941,-64.9386,70.34,58,100,12.93,overcast clouds
556,Yinchuan,CN,2022-08-08 01:18:15,38.4681,106.2731,81.05,48,56,13.09,broken clouds
557,Salekhard,RU,2022-08-08 01:18:16,66.53,66.6019,68.92,63,0,6.53,clear sky
558,Havre,FR,2022-08-08 01:18:16,49.5833,0.3333,60.57,82,0,6.91,clear sky
559,Iskateley,RU,2022-08-08 01:18:17,67.6803,53.1512,56.21,82,86,10.98,overcast clouds
560,Berlevag,NO,2022-08-08 01:18:17,70.8578,29.0864,49.95,87,75,17.27,light rain
561,Izumo,JP,2022-08-08 01:18:18,35.3667,132.7667,91.29,58,75,17.27,broken clouds
562,Xaltianguis,MX,2022-08-08 01:18:18,17.0667,-99.8333,76.51,87,89,1.95,overcast clouds
563,Grimstad,NO,2022-08-08 01:18:19,58.3405,8.5934,55.31,91,13,9.37,few clouds
564,Lang Son,VN,2022-08-08 01:18:19,21.8333,106.7333,79.79,86,70,3.69,broken clouds
565,Businga,CD,2022-08-08 01:18:20,3.3333,20.8833,69.75,99,100,2.21,overcast clouds
566,Sayat,TM,2022-08-08 01:18:21,38.7839,63.8803,73.27,29,0,9.01,clear sky
567,Kilrush,IE,2022-08-08 01:18:21,52.6397,-9.4833,51.55,87,6,2.13,clear sky
568,Grand Bend,CA,2022-08-08 01:15:11,43.3168,-81.7498,80.22,82,93,6.06,overcast clouds
569,Garowe,SO,2022-08-08 01:18:22,8.4054,48.4845,72.16,59,6,25.99,clear sky
570,Port-Gentil,GA,2022-08-08 01:18:23,-0.7193,8.7815,73.47,79,94,12.77,overcast clouds
571,Asilah,MA,2022-08-08 01:18:23,35.465,-6.0348,73.36,81,5,3.71,clear sky
572,Isabela,PH,2022-08-08 01:18:24,6.7085,121.9711,84.25,81,100,3.09,overcast clouds
573,Mahajanga,MG,2022-08-08 01:18:24,-15.7167,46.3167,67.51,59,0,8.21,clear sky
574,Osinniki,RU,2022-08-08 01:18:25,53.6239,87.3598,57.09,71,74,1.92,broken clouds
575,Shar,KZ,2022-08-08 01:18:25,49.5886,81.0453,68.81,36,100,1.25,overcast clouds
576,Longkou,CN,2022-08-08 01:18:26,37.6508,120.3286,78.84,93,100,18.86,overcast clouds
577,Xining,CN,2022-08-08 01:18:27,36.6167,101.7667,70.02,65,11,0.98,few clouds
578,Naze,JP,2022-08-08 01:18:29,28.3667,129.4833,86.92,72,0,2.77,clear sky
579,Carlsbad,US,2022-08-08 01:18:29,33.1581,-117.3506,91.98,73,0,9.22,clear sky
580,Borba,BR,2022-08-08 01:18:30,-4.3878,-59.5939,79.57,64,70,2.59,broken clouds
581,Kayerkan,RU,2022-08-08 01:18:30,69.3497,87.7602,55.53,100,100,9.98,moderate rain
582,Kapuskasing,CA,2022-08-08 01:14:02,49.4169,-82.4331,58.17,69,100,4.23,overcast clouds
583,Shingu,JP,2022-08-08 01:18:31,33.7333,135.9833,88.43,63,40,6.82,scattered clouds
584,Lucapa,AO,2022-08-08 01:18:31,-8.4192,20.7447,65.14,31,99,3.09,overcast clouds
585,Kabansk,RU,2022-08-08 01:18:32,52.0486,106.6528,61.9,53,0,2.21,clear sky
586,Chitungwiza,ZW,2022-08-08 01:18:33,-18.0127,31.0756,51.82,52,0,8.1,clear sky
587,Seydi,TM,2022-08-08 01:18:33,39.4816,62.9137,77.86,32,0,9.66,clear sky
588,Alugan,PH,2022-08-08 01:18:34,12.2188,125.4808,81.52,74,98,1.95,overcast clouds
589,Xingyi,CN,2022-08-08 01:18:34,24.1877,102.817,64.06,91,100,1.01,overcast clouds
590,Santa Cruz,BO,2022-08-08 01:14:56,-17.8,-63.1667,69.26,94,100,6.91,overcast clouds
591,Honiara,SB,2022-08-08 01:18:35,-9.4333,159.95,83.46,76,99,3.15,moderate rain
592,Pemangkat,ID,2022-08-08 01:18:35,1.1667,108.9667,80.33,79,18,8.59,few clouds
593,Talara,PE,2022-08-08 01:18:36,-4.5772,-81.2719,63.43,86,3,17.11,clear sky
594,Nara,JP,2022-08-08 01:18:36,34.6851,135.8049,90.5,42,50,1.7,scattered clouds
595,Alto Araguaia,BR,2022-08-08 01:18:37,-17.3147,-53.2153,75.58,35,100,3.71,overcast clouds
596,Rovaniemi,FI,2022-08-08 01:18:37,66.5,25.7167,47.61,100,0,3.44,clear sky
597,Hualmay,PE,2022-08-08 01:18:38,-11.0964,-77.6139,61.5,84,72,10.94,broken clouds
598,Eirunepe,BR,2022-08-08 01:18:38,-6.6603,-69.8736,74.5,88,35,1.01,scattered clouds
599,Mareeba,AU,2022-08-08 01:18:38,-17.0,145.4333,76.44,76,68,5.66,broken clouds
600,Tynda,RU,2022-08-08 01:18:39,55.1667,124.7167,52.52,98,100,5.06,moderate rain
601,Qaqortoq,GL,2022-08-08 01:18:39,60.7167,-46.0333,43.65,84,1,2.91,clear sky
602,Vaida,EE,2022-08-08 01:18:40,59.2906,24.9658,55.33,94,75,1.14,broken clouds
603,Tarko-Sale,RU,2022-08-08 01:18:41,64.9225,77.785,64.78,76,79,8.79,broken clouds
604,Padang,ID,2022-08-08 01:18:41,-0.9492,100.3543,78.85,76,9,1.01,clear sky
605,Samana,DO,2022-08-08 01:18:42,19.2056,-69.3369,79.61,89,100,8.99,overcast clouds
606,Poum,NC,2022-08-08 01:17:00,-20.2333,164.0167,75.13,79,9,14.07,clear sky
607,Nichinan,JP,2022-08-08 01:18:42,31.6,131.3667,89.28,66,100,4.43,overcast clouds
608,Jalu,LY,2022-08-08 01:16:55,29.0331,21.5482,78.4,68,0,12.35,clear sky
609,Bereda,ES,2022-08-08 01:18:43,43.2686,-7.5406,62.15,100,26,6.98,scattered clouds
610,Halol,IN,2022-08-08 01:18:43,22.5,73.4667,78.04,95,100,6.38,overcast clouds
611,Yar-Sale,RU,2022-08-08 01:18:44,66.8333,70.8333,67.8,67,0,8.99,clear sky
612,Lillesand,NO,2022-08-08 01:18:44,58.2488,8.3778,55.44,94,3,5.75,clear sky
613,Saint-Joseph,RE,2022-08-08 01:18:44,-21.3667,55.6167,64.78,79,2,5.23,clear sky
614,Marzuq,YE,2022-08-08 01:18:45,14.4,46.4667,77.68,66,13,7.07,light rain
615,Santa Isabel Do Rio Negro,BR,2022-08-08 01:18:45,-0.4139,-65.0192,78.91,76,86,1.25,overcast clouds
616,Ust-Kuyga,RU,2022-08-08 01:18:46,70.0167,135.6,67.86,64,100,14.67,overcast clouds
617,Broome,US,2022-08-08 01:18:46,42.2506,-75.833,78.55,82,0,5.75,clear sky
618,Cayenne,GF,2022-08-08 01:18:47,4.9333,-52.3333,83.08,13,0,3.44,clear sky
619,Nyrob,RU,2022-08-08 01:18:47,60.733,56.7202,67.23,69,100,2.93,overcast clouds
620,Peniche,PT,2022-08-08 01:18:48,39.3558,-9.3811,63.28,93,0,3.94,clear sky
621,Singaraja,ID,2022-08-08 01:18:48,-8.112,115.0882,80.76,69,22,2.93,few clouds
622,Jalakandapuram,IN,2022-08-08 01:18:49,11.6978,77.873,73.65,88,97,3.58,overcast clouds
623,Barra Do Garcas,BR,2022-08-08 01:18:49,-15.89,-52.2567,78.26,30,48,1.12,scattered clouds
624,Glubokiy,RU,2022-08-08 01:18:49,48.5217,40.3258,71.11,35,0,7.78,clear sky
625,Fort Nelson,CA,2022-08-08 01:15:11,58.8053,-122.7002,69.39,43,75,5.75,broken clouds
626,Umm Kaddadah,SD,2022-08-08 01:18:50,13.6017,26.6876,82.76,56,43,10.36,scattered clouds
627,Nouna,BF,2022-08-08 01:18:51,12.7333,-3.8667,76.37,83,13,8.14,light rain
628,Marathon,US,2022-08-08 01:18:51,44.9,-89.7668,69.33,89,100,4.61,overcast clouds
629,Meulaboh,ID,2022-08-08 01:17:03,4.1363,96.1285,77.32,83,100,4.68,overcast clouds
630,Sakakah,SA,2022-08-08 01:18:52,29.9697,40.2064,94.57,22,88,6.2,overcast clouds
631,Bartica,GY,2022-08-08 01:18:52,6.4,-58.6167,79.12,97,25,3.31,scattered clouds
632,Hay River,CA,2022-08-08 01:15:43,60.8156,-115.7999,64.38,63,75,3.44,broken clouds
633,Amahai,ID,2022-08-08 01:18:53,-3.3333,128.9167,77.85,86,99,2.13,overcast clouds
634,Bodden Town,KY,2022-08-08 01:18:53,19.2833,-81.25,84.2,78,20,9.22,few clouds
635,San Jeronimo,PE,2022-08-08 01:18:54,-11.9472,-75.2829,53.35,70,99,4.12,overcast clouds
636,Antsohihy,MG,2022-08-08 01:18:54,-14.8796,47.9875,63.39,77,4,4.52,clear sky
637,Ritchie,ZA,2022-08-08 01:18:55,-29.038,24.6028,43.81,53,0,10.29,clear sky
638,Nogales,MX,2022-08-08 01:18:55,31.3086,-110.9422,83.77,48,0,8.05,clear sky
639,Luwuk,ID,2022-08-08 01:18:56,-0.9516,122.7875,82.27,75,37,4.99,scattered clouds
640,Matara,LK,2022-08-08 01:18:56,5.9485,80.5353,76.46,89,85,11.12,overcast clouds
641,Seymchan,RU,2022-08-08 01:18:56,62.8833,152.4333,77.45,49,11,6.22,few clouds
642,Iquique,CL,2022-08-08 01:15:56,-20.2208,-70.1431,59.04,83,40,1.39,scattered clouds
643,Muros,ES,2022-08-08 01:18:57,42.7762,-9.0603,66.69,94,5,4.29,clear sky
644,Emba,KZ,2022-08-08 01:18:58,48.8264,58.1442,70.83,52,34,9.08,scattered clouds
645,Itoman,JP,2022-08-08 01:18:58,26.1247,127.6694,89.98,73,40,5.75,scattered clouds
646,Mwinilunga,ZM,2022-08-08 01:18:58,-11.7358,24.4293,56.08,47,0,3.4,clear sky
647,Rennes,FR,2022-08-08 01:18:59,48.1667,-1.6667,62.64,59,0,6.91,clear sky
648,Maraa,BR,2022-08-08 01:18:59,-1.8333,-65.3667,74.05,92,52,1.86,broken clouds
649,Dano,BF,2022-08-08 01:19:00,11.15,-3.0667,80.19,65,99,5.55,overcast clouds
650,Santa Luzia,BR,2022-08-08 01:19:00,-19.7697,-43.8514,70.88,68,0,5.75,clear sky
651,Arrecife,ES,2022-08-08 01:18:51,28.963,-13.5477,71.58,83,0,19.57,clear sky
652,Hit,IQ,2022-08-08 01:19:01,33.6416,42.8251,92.75,15,4,9.93,clear sky
653,Yeppoon,AU,2022-08-08 01:19:01,-23.1333,150.7333,67.78,42,0,7.63,clear sky
654,San Quintin,MX,2022-08-08 01:18:19,30.4833,-115.95,76.53,75,45,4.97,scattered clouds
655,Fukue,JP,2022-08-08 01:19:02,32.6881,128.8419,86.36,84,40,10.36,scattered clouds
656,Darhan,MN,2022-08-08 01:19:02,49.4867,105.9228,60.62,61,8,2.8,clear sky
657,Egvekinot,RU,2022-08-08 01:19:03,66.3167,-179.1667,41.4,40,100,15.37,overcast clouds
658,The Pas,CA,2022-08-08 01:19:03,53.8251,-101.2541,75.22,57,0,9.22,clear sky
659,Riyadh,SA,2022-08-08 01:15:17,24.6877,46.7219,89.74,26,4,5.77,clear sky
660,Chopda,IN,2022-08-08 01:19:04,21.25,75.3,75.81,94,100,10.2,light rain
661,Bandarbeyla,SO,2022-08-08 01:19:04,9.4942,50.8122,76.39,66,0,28.12,clear sky
662,Juruti,BR,2022-08-08 01:19:05,-2.1522,-56.0922,79.7,63,73,3.04,broken clouds
663,Siavonga,ZM,2022-08-08 01:19:05,-16.5382,28.7088,63.84,47,0,4.81,clear sky
664,Dolzhanskaya,RU,2022-08-08 01:19:05,46.6311,37.8039,78.06,57,5,14.25,clear sky
665,Ugoofaaru,MV,2022-08-08 01:19:06,5.6667,73.0,80.33,82,100,17.13,overcast clouds
666,Skjervoy,NO,2022-08-08 01:19:06,70.0311,20.9714,51.8,87,100,18.23,overcast clouds
667,Inirida,CO,2022-08-08 01:19:07,3.8653,-67.9239,75.22,90,21,3.0,few clouds
668,College,US,2022-08-08 01:18:03,64.8569,-147.8028,60.58,60,75,10.36,broken clouds
669,Puerto El Triunfo,SV,2022-08-08 01:19:07,13.2833,-88.55,85.12,86,100,1.9,overcast clouds
670,Duluth,US,2022-08-08 01:19:07,46.7833,-92.1066,61.07,69,100,17.27,overcast clouds
671,Almaznyy,RU,2022-08-08 01:19:08,48.0448,40.045,69.04,34,0,7.96,clear sky
672,Mugur-Aksy,RU,2022-08-08 01:19:08,50.35,90.5,53.6,71,92,5.03,overcast clouds
673,Emmett,US,2022-08-08 01:19:09,43.8735,-116.4993,96.21,16,0,3.33,clear sky
674,Warri,NG,2022-08-08 01:19:10,5.5167,5.75,75.13,88,100,5.12,overcast clouds
675,Saulkrasti,LV,2022-08-08 01:19:10,57.2622,24.4147,58.78,75,99,7.05,overcast clouds
676,Sakaiminato,JP,2022-08-08 01:19:11,35.55,133.2333,91.33,66,75,13.8,broken clouds
677,Yumen,CN,2022-08-08 01:18:11,40.2833,97.2,71.49,47,100,8.75,light rain
678,Chiredzi,ZW,2022-08-08 01:19:12,-21.05,31.6667,59.11,51,0,4.21,clear sky
679,Barentu,ER,2022-08-08 01:19:13,15.1139,37.5928,68.59,86,100,4.09,overcast clouds
680,Kajaani,FI,2022-08-08 01:19:11,64.2273,27.7285,50.05,87,0,6.91,clear sky
681,Arys,KZ,2022-08-08 01:19:13,42.4252,68.795,75.31,33,7,2.19,clear sky
682,Karratha,AU,2022-08-08 01:19:14,-20.7377,116.8463,71.24,20,16,7.49,light rain
683,Rach Gia,VN,2022-08-08 01:19:14,10.0167,105.0833,81.18,79,100,12.84,moderate rain
684,Mariinsk,RU,2022-08-08 01:19:15,56.2139,87.7472,61.39,81,90,2.93,overcast clouds
685,La Ronge,CA,2022-08-08 01:15:17,55.1001,-105.2842,75.45,43,75,3.44,broken clouds
686,Bhatgaon,IN,2022-08-08 01:19:15,21.15,81.7,78.98,94,40,6.91,mist
687,Okhotsk,RU,2022-08-08 01:19:16,59.3833,143.3,57.49,79,100,18.81,overcast clouds
688,Bargi,IN,2022-08-08 01:19:16,22.9833,79.8667,76.77,92,92,4.41,overcast clouds
689,La Paz,BO,2022-08-08 01:16:56,-16.5,-68.15,46.38,61,75,2.3,broken clouds
690,Pingliang,CN,2022-08-08 01:19:17,35.5392,106.6861,82.49,57,100,1.36,overcast clouds
691,Tual,ID,2022-08-08 01:19:17,-5.6667,132.75,79.95,80,100,20.69,overcast clouds
692,Teya,RU,2022-08-08 01:19:18,60.3778,92.6267,60.58,76,45,1.05,scattered clouds
693,Sumbe,AO,2022-08-08 01:19:18,-11.2061,13.8437,67.23,87,88,4.88,overcast clouds
694,Mawlaik,MM,2022-08-08 01:19:19,23.6333,94.4167,75.85,100,100,0.98,moderate rain
695,Dhenkanal,IN,2022-08-08 01:19:19,20.6667,85.6,79.48,89,33,7.63,scattered clouds
696,Manavalakurichi,IN,2022-08-08 01:19:20,8.1333,77.3,77.58,84,100,18.05,overcast clouds
697,Salihorsk,BY,2022-08-08 01:19:20,52.7876,27.5415,52.45,86,4,6.15,clear sky
698,Nongstoin,IN,2022-08-08 01:19:21,25.5167,91.2667,69.67,93,24,2.26,few clouds
699,Balakhninskiy,RU,2022-08-08 01:19:21,58.0106,114.2769,50.0,93,100,6.55,light rain
700,Sinnamary,GF,2022-08-08 01:19:22,5.3833,-52.95,80.06,79,100,9.98,overcast clouds
701,Aksu,CN,2022-08-08 01:18:57,41.1231,80.2644,79.48,40,4,2.82,clear sky
702,Muzhi,RU,2022-08-08 01:19:22,65.3667,64.6667,69.49,64,0,7.14,clear sky
703,Sapozhok,RU,2022-08-08 01:19:23,53.9419,40.6806,65.14,50,35,3.29,scattered clouds
704,Nanae,JP,2022-08-08 01:19:24,41.8833,140.6833,77.23,88,75,2.3,broken clouds
705,Rochegda,RU,2022-08-08 01:19:24,62.8,43.25,51.94,90,100,3.44,overcast clouds
706,Pallasovka,RU,2022-08-08 01:19:25,50.05,46.8833,73.29,36,35,8.19,scattered clouds
707,Belokurikha,RU,2022-08-08 01:19:26,51.9959,84.9896,65.82,59,15,1.57,few clouds
708,Alice Springs,AU,2022-08-08 01:19:20,-23.7,133.8833,65.21,24,1,12.66,clear sky
